model,seconds per epoch,seconds per epoch q1,seconds per epoch q3,is plain text,accuracy
feedforward neural network,0.0011634695400000083,0.0011634695400000083,0.0011634695400000083,True,0.9151999950408936
feedforward neural network,0.14513140143999997,0.14513140143999997,0.14513140143999997,False,0.5720000267028809
logistic regression,0.0004319267600000032,0.0004319267600000032,0.0004319267600000032,True,0.8935999870300293
logistic regression,0.11625717320000004,0.11625717320000004,0.11625717320000004,False,0.35600000619888306
