model,seconds per epoch,seconds per epoch q1,seconds per epoch q3,inference time,inference time q1,inference time q3,is plain text,accuracy
feedforward neural network,0.0013179549999975393,0.0012536429999983056,0.0016169294999990313,0.00028730700000068055,0.0002818725000004463,0.0002875405000004605,True,0.9175999760627747
feedforward neural network,0.17453248399999666,0.17160276099999905,0.18139729599999654,0.040782227999997644,0.04061981599999953,0.0412963210000008,False,0.9079999923706055
logistic regression,0.0005836670000007871,0.000566854999998867,0.0006032444999988229,4.622800000220195e-05,4.4719499999956724e-05,5.5637999999191834e-05,True,0.8208000063896179
logistic regression,0.10006692200000344,0.09852266000000398,0.10173651850000098,0.018116759000001537,0.01811397700000228,0.01822985700000146,False,0.8223999738693237
