model,seconds per epoch,seconds per epoch q1,seconds per epoch q3,inference time,inference time q1,inference time q3,is plain text,accuracy
feedforward neural network,0.0012117949999996824,0.001210379499999803,0.0013720779999997212,0.00028899599999920866,0.00027957749999929504,0.00029828649999963375,True,0.8967999815940857
feedforward neural network,0.15089092599999976,0.14967841399999982,0.1543725134999998,0.04390152199999964,0.04361506149999972,0.04399431549999999,False,0.8672000169754028
logistic regression,0.000589899999999588,0.0005615180000000386,0.0006098309999997831,9.189799999997916e-05,7.99620000000445e-05,9.539250000001331e-05,True,0.8903999924659729
logistic regression,0.11375489200000022,0.10688559399999997,0.11684799050000017,0.02077180700000003,0.02043653000000001,0.021396194499999854,False,0.8863999843597412
