model,seconds per epoch,seconds per epoch q1,seconds per epoch q3,inference time,inference time q1,inference time q3,is plain text,accuracy
feedforward neural network,0.052915161000001376,0.052915161000001376,0.052915161000001376,0.00032623600000292186,0.0003117110000019352,0.00034401600000144583,True,0.8655999898910522
feedforward neural network,6.881908011,6.881908011,6.881908011,0.048500844999999515,0.04825617600000065,0.04864157649999967,False,0.40799999237060547
logistic regression,0.022248380000000623,0.022248380000000623,0.022248380000000623,4.366499999974849e-05,4.3006000000289646e-05,4.8484000000570404e-05,True,0.8519999980926514
logistic regression,5.267308731,5.267308731,5.267308731,0.035732610000000165,0.03529951850000046,0.0361507930000009,False,0.3912000060081482
