model,seconds per epoch,seconds per epoch q1,seconds per epoch q3,inference time,inference time q1,inference time q3,is plain text,accuracy
feedforward neural network,0.06502520099999742,0.06502520099999742,0.06502520099999742,0.0002685700000029101,0.0002663905000019895,0.00026875850000251944,True,0.7552000284194946
feedforward neural network,7.389213556999998,7.389213556999998,7.389213556999998,0.040567947000006654,0.0405030040000014,0.04116817000000239,False,0.7440000176429749
logistic regression,0.021422713999999843,0.021422713999999843,0.021422713999999843,4.5040000003382374e-05,4.3258000001600294e-05,5.583700000144631e-05,True,0.7832000255584717
logistic regression,4.674042508999996,4.674042508999996,4.674042508999996,0.018620824000002756,0.018329627500001777,0.018684664000002016,False,0.7815999984741211
