model,seconds per epoch,seconds per epoch q1,seconds per epoch q3,is plain text,accuracy
feedforward neural network,0.001072465600000072,0.001072465600000072,0.001072465600000072,True,0.8903999924659729
feedforward neural network,0.14664466268000012,0.14664466268000012,0.14664466268000012,False,0.6639999747276306
logistic regression,0.00043156632000005855,0.00043156632000005855,0.00043156632000005855,True,0.8511999845504761
logistic regression,0.10036066614000007,0.10036066614000007,0.10036066614000007,False,0.8503999710083008
