model,seconds per epoch,seconds per epoch q1,seconds per epoch q3,inference time,inference time q1,inference time q3,is plain text,accuracy
feedforward neural network,0.0032766200602054596,0.00324183888733387,0.003477133810520172,0.002329684793949127,0.002246823161840439,0.0023523177951574326,True,0.9495999813079834
feedforward neural network,0.49274611845612526,0.4921874813735485,0.49880241602659225,0.3046215809881687,0.30449206940829754,0.30547609739005566,False,0.4912000000476837
logistic regression,0.000604238361120224,0.0005654320120811462,0.0007018018513917923,0.00014070048928260803,0.00012491457164287567,0.00014465488493442535,True,0.7599999904632568
logistic regression,0.2331179864704609,0.23272344283759594,0.2331242710351944,0.07994302734732628,0.07916045561432838,0.08144642412662506,False,0.47760000824928284
