model,seconds per epoch,seconds per epoch q1,seconds per epoch q3,inference time,inference time q1,inference time q3,is plain text,accuracy
feedforward neural network,0.05323161399999954,0.05323161399999954,0.05323161399999954,0.0002638789999984681,0.00026256199999963314,0.0002655234999995315,True,0.8392000198364258
feedforward neural network,7.394694684000001,7.394694684000001,7.394694684000001,0.04656332800000129,0.0465357440000016,0.046940303500001335,False,0.623199999332428
logistic regression,0.02203733200000002,0.02203733200000002,0.02203733200000002,4.592699999861338e-05,4.44879999985659e-05,5.073750000050836e-05,True,0.7671999931335449
logistic regression,4.967065263,4.967065263,4.967065263,0.02636117299999796,0.026295320499999164,0.026379193999998662,False,0.7680000066757202
