model,seconds per epoch,seconds per epoch q1,seconds per epoch q3,is plain text,accuracy
feedforward neural network,0.0010693792800000068,0.0010693792800000068,0.0010693792800000068,True,0.8456000089645386
feedforward neural network,0.14950850778000002,0.14950850778000002,0.14950850778000002,False,0.7351999878883362
logistic regression,0.00042977730000000493,0.00042977730000000493,0.00042977730000000493,True,0.7975999712944031
logistic regression,0.10212117037999999,0.10212117037999999,0.10212117037999999,False,0.807200014591217
