model,seconds per epoch,seconds per epoch q1,seconds per epoch q3,is plain text,accuracy
feedforward neural network,0.0011717859600000225,0.0011717859600000225,0.0011717859600000225,True,0.8999999761581421
feedforward neural network,0.16192611892000003,0.16192611892000003,0.16192611892000003,False,0.5040000081062317
logistic regression,0.00042967755999999467,0.00042967755999999467,0.00042967755999999467,True,0.8583999872207642
logistic regression,0.10598564736,0.10598564736,0.10598564736,False,0.47600001096725464
