model,seconds per epoch,seconds per epoch q1,seconds per epoch q3,is plain text,accuracy
feedforward neural network,0.0011438395200000073,0.0011438395200000073,0.0011438395200000073,True,0.7960000038146973
feedforward neural network,0.15764283427999998,0.15764283427999998,0.15764283427999998,False,0.7200000286102295
logistic regression,0.0004406004800000041,0.0004406004800000041,0.0004406004800000041,True,0.7519999742507935
logistic regression,0.11281207844,0.11281207844,0.11281207844,False,0.7512000203132629
