model,seconds per epoch,seconds per epoch q1,seconds per epoch q3,inference time,inference time q1,inference time q3,is plain text,accuracy
feedforward neural network,0.001378841000004627,0.0012650030000038726,0.0014234960000010233,0.00026617500000014616,0.0002642110000010689,0.000280110000002054,True,0.9383999705314636
feedforward neural network,0.13827751299999846,0.13798338599999838,0.13840034699999748,0.03641284100000064,0.03637733550000277,0.03662045049999918,False,0.8320000171661377
logistic regression,0.0005304159999965918,0.0005091969999995172,0.000537877500001116,4.280299999948056e-05,4.1509499997260946e-05,5.218399999762369e-05,True,0.8575999736785889
logistic regression,0.08965205300000179,0.08938386499999851,0.09642546850000144,0.014846442999996157,0.014788566499998268,0.01563020549999905,False,0.86080002784729
